Tick,RunF64
4,6e-08
8,1.2e-07
16,5.2e-07
32,2.8e-06
64,1.783e-05
128,9.241e-05
256,0.00127467
512,0.00566419
1024,0.06502929
2048,0.32047371
