Tick,RunF64
4,2.583e-05
8,3.13e-06
16,2.56e-06
32,1.468e-05
64,1.66e-05
128,8.523e-05
256,0.00079558
512,0.00330734
1024,0.05528983
2048,0.25819634
